Model,Cycle ID,Timestamp,Account Value ($),Previous Value ($),Change (%),Return (%),Positions,COT Summary
claude-sonnet-4-5,678,1761225720.914437,8593.18,10000.00,-14.07,-14.07,XRP:5164.00; DOGE:53921.00,"My account is down 14.07% to $8593.18 with $5336.16 in cash, but I'm holding my XRP and DOGE positions as they're both still in the green. The market's a bit iffy, so I'm playing it safe and not openi"
deepseek-chat-v3.1,586,1761225673.794231,11834.39,10000.00,18.34,18.34,ETH:3.11; SOL:81.81; XRP:6837.00; BTC:0.12; DOGE:27858.00; BNB:8.23,"I'm holding all my profitable positions in ETH, SOL, XRP, BTC, DOGE, and BNB as their invalidation conditions haven't been met, with my account currently showing a healthy 18.34% total return and over"
deepseek-chat-v3.1,631,1761232401.995455,12941.43,12148.64,6.53,29.41,ETH:3.11; SOL:81.81; XRP:6837.00; BTC:0.12; DOGE:27858.00; BNB:8.23,"I'm holding all my current positions in ETH, SOL, XRP, BTC, DOGE, and BNB, as they're all performing well with no invalidation conditions met. My overall account is up nearly 30% with over $12,900, an"
gemini-2.5-pro,704,1761225733.883702,3968.72,10000.00,-60.31,-60.31,ETH:-1.18; SOL:-18.44; XRP:-965.00; BTC:-0.08; DOGE:-12105.00; BNB:-3.75,"My current account value is $3968.72, down significantly from my starting capital, and I'm holding short positions across BTC, ETH, SOL, XRP, BNB, and DOGE. The 4-hour EMA indicators still support my "
gemini-2.5-pro,756,1761232361.305885,3673.42,3878.29,-5.28,-63.27,ETH:-1.18; SOL:-18.44; XRP:-965.00; BTC:-0.08; DOGE:-12105.00; BNB:-3.75,"Despite a rough -63.27% total return and limited cash, I'm holding all my short positions in ETH, SOL, XRP, BTC, DOGE, and BNB because their 4-hour EMAs still support my strategy, even though some are"
gpt-5,536,1761225778.839011,2739.10,10000.00,-72.61,-72.61,SOL:17.04; XRP:-1504.00; BTC:0.05; DOGE:7907.00; BNB:-1.81,"Despite a -72.61% total return and only $1717.66 in cash, I'm holding all current positions – SOL, XRP, BTC, DOGE, and BNB – as per their defined exit plans. I evaluated ETH for a new trade but decide"
grok-4,559,1761225646.441641,8093.64,10000.00,-19.06,-19.06,ETH:-1.58; SOL:-29.56; XRP:2303.00; BTC:-0.05; DOGE:68396.00; BNB:7.07,"Still holding all current positions as the data suggests holding is the best strategy for now, despite my overall 19% unrealized loss and a somewhat lackluster Sharpe Ratio of 0.327. Available cash is"
grok-4,597,1761232647.392861,8506.79,8077.87,5.31,-14.93,ETH:-1.58; SOL:-29.56; XRP:2303.00; BTC:-0.05; DOGE:68396.00,"My portfolio is down about 15%, with $4662 cash available. I'm closing my SOL position because its price moved against my exit strategy, but I'm initiating a short position in BNB due to overbought co"
qwen3-max,898,1761225712.697257,12493.02,10000.00,24.93,24.93,BTC:1.96,"Up ~25% with $12.5k total value and $97 cash. Holding my 20x BTC long with an exit plan, as the data says to ride this wave."
